{
  "project_info": {
    "project_number": "270291163481",
    "project_id": "demott-61836",
    "storage_bucket": "demott-61836.appspot.com"
  },
  "client": [
    {
      "client_info": {
        "mobilesdk_app_id": "1:270291163481:android:90d1d4ddd20691e7585448",
        "android_client_info": {
          "package_name": "com.example.demott"
        }
      },
      "oauth_client": [
        {
          "client_id": "270291163481-cvktuga3ppfjh84ihustj5bhac11mth1.apps.googleusercontent.com",
          "client_type": 1,
          "android_info": {
            "package_name": "com.example.demott",
            "certificate_hash": "1aaa3b20e02b6d4e6561dd1ec94a4bab2f6d0c03"
          }
        },
        {
          "client_id": "270291163481-89v1mkf54ivbff9fads5a40i907t4ogd.apps.googleusercontent.com",
          "client_type": 3
        }
      ],
      "api_key": [
        {
          "current_key": "AIzaSyC4dVlYN6o7w8nPYcHW6kJT0XbShy-LO5I"
        }
      ],
      "services": {
        "appinvite_service": {
          "other_platform_oauth_client": [
            {
              "client_id": "270291163481-89v1mkf54ivbff9fads5a40i907t4ogd.apps.googleusercontent.com",
              "client_type": 3
            }
          ]
        }
      }
    }
  ],
  "configuration_version": "1"
}